{"schemaVersion":"1.0","appDefinitionTemplate":{"id":"/providers/Microsoft.PowerApps/apps/","type":"Microsoft.PowerApps/apps","tags":{"primaryDeviceWidth":"1366","primaryDeviceHeight":"768","supportsPortrait":"true","supportsLandscape":"true","primaryFormFactor":"Tablet","showStatusBar":"false","publisherVersion":"3.24031.26","minimumRequiredApiVersion":"2.2.0","hasComponent":"false","hasUnlockedComponent":"false","isUnifiedRootApp":"false","offlineLargeFilesSupport":"false","sienaVersion":"20240321T184949Z-3.24031.26.0"},"properties":{"appVersion":"2024-03-21T18:49:49Z","lifeCycleId":"Published","createdByClientVersion":{"major":3,"minor":24031,"build":26,"revision":0,"majorRevision":0,"minorRevision":0},"minClientVersion":{"major":3,"minor":24031,"build":26,"revision":0,"majorRevision":0,"minorRevision":0},"backgroundColor":"RGBA(0,176,240,1)","backgroundImageUri":"/16915756795472905072/Nb1e7b476-d3bf-4318-9162-46be32b39517-logoSmallFile","displayName":"Paw Heart Shelter App","description":"Final","commitMessage":"","appUris":{"documentUri":{"value":"/16915756795472905072/Na9bb853a-f144-483a-8da6-696c2afd5643-document.msapp"},"imageUris":[],"additionalUris":[{"isSolutionAware":false,"value":"/16915756795472905072/N21942953-9c70-4488-8dc7-0f82f7912ec6-identity.json"}]},"createdTime":"0001-01-01T00:00:00Z","lastModifiedTime":"0001-01-01T00:00:00Z","sharedGroupsCount":0,"sharedUsersCount":0,"connectionReferences":{"2ffbc5c4-67c5-4204-8b6c-71b6ec8b9fe7":{"id":"f7c6ed2a-606e-42cf-8059-9c17277738a7","displayName":"Office 365 Outlook","iconUri":"https://connectoricons-prod.azureedge.net/releases/v1.0.1676/1.0.1676.3617/office365/icon.png","dataSources":["Office365Outlook"],"dependencies":[],"dependents":[],"parameterHints":{},"parameterHintsV2":{},"isOnPremiseConnection":false,"bypassConsent":false,"dataSets":{},"apiTier":"Standard","isCustomApiConnection":false},"085fc13a-daf6-4d23-8864-8010070801c7":{"id":"0f50d08a-9c6b-44d2-b3dc-04c1a9dcdd23","displayName":"Usuarios de Office 365","iconUri":"https://connectoricons-prod.azureedge.net/releases/v1.0.1672/1.0.1672.3545/office365users/icon.png","dataSources":["UsuariosdeOffice365"],"dependencies":[],"dependents":[],"parameterHints":{},"parameterHintsV2":{},"isOnPremiseConnection":false,"bypassConsent":false,"dataSets":{},"apiTier":"Standard","isCustomApiConnection":false}},"databaseReferences":{"default.cds":{"databaseDetails":{"referenceType":"Environmental","environmentName":"default.cds","overrideValues":{"status":"NotSpecified","environmentVariableName":""}},"dataSources":{"Animal Shelter Pet Record":{"entitySetName":"crda6_animalshelterpetrecords","logicalName":"crda6_animalshelterpetrecord","isHidden":false},"Foster Information":{"entitySetName":"crda6_fosterinformations","logicalName":"crda6_fosterinformation","isHidden":false},"Shelters":{"entitySetName":"crda6_animalshelterses","logicalName":"crda6_animalshelters","isHidden":false}},"actions":["providers/PowerPlatform.Governance/Operations/Read","providers/PowerPlatform.Governance/Operations/Write"]}},"almMode":"Solution","performanceOptimizationEnabled":true,"canConsumeAppPass":true,"enableModernRuntimeMode":false,"executionRestrictions":{"isTeamsOnly":false,"dataLossPreventionEvaluationResult":{"status":"Compliant","lastEvaluationDate":"2024-03-02T19:02:35.7781414Z","violations":[],"violationsByPolicy":[],"violationErrorMessage":"La aplicación usa los siguientes conectores: shared_commondataservice."}}},"appType":"ClassicCanvasApp","appComponents":[]}}